VISIT_MONTH_YEAR.PRED;R2 Score
12.20;0.7637990259631965
01.21;0.8356416220955682
02.21;0.8808007011089735
03.21;0.8559182771094319
04.21;0.8884814342987191
05.21;0.9120129198469118
06.21;0.8995646848161839
07.21;0.8990277650108571
08.21;0.8747438520652457
09.21;0.832586790286534
10.21;0.9407148848022883
11.21;0.962817400622386
12.21;0.8851189557017706
01.22;0.9013626445774092
02.22;0.8797120200941131
03.22;0.71911728761901
